item,mu_daily_demand,sigma_daily_demand,service_level,z,lead_time_days,review_period_days,safety_stock_units,reorder_point_units,order_up_to_units
juice,13.428571428571432,0.25,0.95,1.6448536269514715,3,1,0.7122425132234732,40.99795679893777,54.4265282275092
tea,9.857142857142854,0.25,0.95,1.6448536269514715,3,1,0.7122425132234732,30.283671084652035,40.14081394179489
cake,9.285714285714285,0.25,0.95,1.6448536269514715,3,1,0.7122425132234732,28.569385370366327,37.85509965608061
cookie,9.0,0.25,0.95,1.6448536269514715,3,1,0.7122425132234732,27.712242513223472,36.71224251322347
smoothie,8.857142857142858,0.25,0.95,1.6448536269514715,3,1,0.7122425132234732,27.283671084652045,36.1408139417949
sandwich,5.3,2.238302928559939,0.95,1.6448536269514715,3,1,6.376858012771965,22.276858012771964,27.576858012771964
coffee,5.857142857142858,0.25,0.95,1.6448536269514715,3,1,0.7122425132234732,18.283671084652045,24.140813941794903
salad,5.734537488873662,0.25,0.95,1.6448536269514715,3,1,0.7122425132234732,17.915854979844458,23.65039246871812
