item,horizon_days,simulation_runs,avg_stockout_day_rate,avg_onhand_units,avg_unmet_demand_units
cake,30,300,0.13333333333333336,34.00732759573543,0.006999954968357755
sandwich,30,300,0.13333333333333336,26.581511856191998,0.03161866598069591
coffee,30,300,0.08888888888888888,21.734557248880627,0.0033360117505735363
cookie,30,300,0.08888888888888888,32.95456521147698,0.0032444988051077792
tea,30,300,0.07777777777777778,35.95881425022087,0.0035316605938042933
salad,30,300,0.055555555555555566,21.270362689271625,0.00192680737327611
juice,30,300,0.03333333333333334,48.692904387002,0.0016470114357350358
smoothie,30,300,0.02222222222222222,32.4092603649269,0.0007396154751607517
